{
  "urls": [
    "../assets/audio/audiosprite.mp3",
    "../assets/audio/audiosprite.ogg"
  ],
  "sprite": {
    "0_track": [
      0,
      14837.551020408164
    ],
    "1_track": [
      16000,
      14837.551020408164
    ],
    "2_track": [
      32000,
      14837.551020408164
    ],
    "3_track": [
      48000,
      14837.551020408164
    ],
    "4_track": [
      64000,
      14837.551020408171
    ],
    "5_track": [
      80000,
      14837.551020408171
    ],
    "6_track": [
      96000,
      14837.551020408171
    ],
    "7_track": [
      112000,
      14837.551020408171
    ],
    "8_track": [
      128000,
      14837.551020408171
    ],
    "9_track": [
      144000,
      14837.551020408171
    ],
    "btn_pressed": [
      160000,
      574.6938775510273
    ],
    "cleared_row": [
      162000,
      1368.0045351474064
    ],
    "click_ring2": [
      165000,
      313.4693877551058
    ],
    "color_stack": [
      167000,
      1295.986394557815
    ],
    "re_roll": [
      170000,
      1919.9999999999875
    ],
    "release ring": [
      173000,
      479.99999999998977
    ],
    "splash_soundtrack": [
      175000,
      14889.795918367356
    ],
    "surpassed_score": [
      191000,
      1697.7097505669008
    ]
  }
}