{
  "urls": [
    "assets/audio/sound.mp3",
    "assets/audio/sound.ogg"
  ],
  "sprite": {
    "ascendent rumble": [
      0,
      3448.1632653061224
    ],
    "ballista": [
      5000,
      391.8367346938778
    ],
    "btn_click": [
      7000,
      626.9387755102046
    ],
    "cannon": [
      9000,
      455.986394557824
    ],
    "chest_falls": [
      11000,
      705.3061224489792
    ],
    "chest_opens": [
      13000,
      1149.3877551020405
    ],
    "chest_rollover": [
      16000,
      2255.9863945578227
    ],
    "chest_shakes": [
      20000,
      1071.020408163264
    ],
    "chest_thud": [
      23000,
      648.0045351473933
    ],
    "coins_collected": [
      25000,
      455.9863945578222
    ],
    "coins_emitted": [
      27000,
      384.01360544217766
    ],
    "drag_over_buildable_cell": [
      29000,
      72.01814058957012
    ],
    "drag_over_non_buildable_cell": [
      31000,
      168.0045351473929
    ],
    "duel_loser": [
      33000,
      11389.387755102043
    ],
    "duel_winner": [
      46000,
      9665.306122448981
    ],
    "enemies_cleared": [
      57000,
      3787.755102040819
    ],
    "enemy_dies": [
      62000,
      679.1836734693889
    ],
    "extra_heart": [
      64000,
      215.98639455781665
    ],
    "fireball": [
      66000,
      1071.020408163264
    ],
    "gameover": [
      69000,
      3195.1700680272097
    ],
    "hammer_hits_shield": [
      74000,
      444.08163265306655
    ],
    "heart_final_lost": [
      76000,
      1881.8820861678064
    ],
    "heart_lost_1": [
      79000,
      680.2494331065816
    ],
    "heart_lost_2": [
      81000,
      575.759637188213
    ],
    "heart_lost_3": [
      83000,
      967.596371882081
    ],
    "mine_cannon": [
      85000,
      992.6530612244875
    ],
    "mine_lands": [
      87000,
      391.83673469388225
    ],
    "new_candy_enters": [
      89000,
      168.00453514738933
    ],
    "open_discarded": [
      91000,
      1201.6326530612246
    ],
    "plasma_beam": [
      94000,
      1200.0000000000027
    ],
    "portal_spawns": [
      97000,
      840.0000000000034
    ],
    "regular_card_revealed": [
      99000,
      3787.755102040819
    ],
    "sell_turret": [
      104000,
      914.285714285711
    ],
    "surpassed_score": [
      106000,
      1697.7097505668867
    ],
    "t1_cannon": [
      109000,
      417.9591836734744
    ],
    "t1_explosion": [
      111000,
      574.6938775510273
    ],
    "t2_hielo": [
      113000,
      768.0045351473979
    ],
    "t2_laser2": [
      115000,
      480.000000000004
    ],
    "t2_laser3": [
      117000,
      731.428571428566
    ],
    "t2_mine_explosion": [
      119000,
      1032.018140589571
    ],
    "t2_mine_launcher": [
      122000,
      1071.020408163264
    ],
    "t3_missile_launcher": [
      125000,
      1567.346938775515
    ],
    "t3_pegamento": [
      128000,
      432.01814058957666
    ],
    "t3_teleport": [
      130000,
      1272.01814058958
    ],
    "time_warp": [
      133000,
      984.0136054421862
    ],
    "title_appears": [
      135000,
      2795.1020408163176
    ],
    "top_card_revealed": [
      139000,
      4675.918367346952
    ],
    "turret_planted": [
      145000,
      471.2698412698444
    ],
    "turret_upgrade": [
      147000,
      3198.5487528344547
    ],
    "vs_appears": [
      152000,
      992.6530612245017
    ],
    "wave_complete": [
      154000,
      1608.004535147387
    ]
  }
}