{
  "urls": [
    "../assets/audio/audiosprite.mp3",
    "../assets/audio/audiosprite.ogg"
  ],
  "sprite": {
    "add_time": [
      0,
      1724.5351473922904
    ],
    "ball-hit": [
      3000,
      172.22222222222206
    ],
    "btn_neon": [
      5000,
      527.3242630385485
    ],
    "btn_pressed": [
      7000,
      574.6938775510203
    ],
    "combo": [
      9000,
      1344.0136054421766
    ],
    "cue-hit": [
      12000,
      333.7868480725632
    ],
    "cushion-hit": [
      14000,
      125.1700680272112
    ],
    "music": [
      16000,
      130037.55102040817
    ],
    "music_game": [
      148000,
      19919.31972789115
    ],
    "pocket-hit": [
      169000,
      500.6802721088377
    ],
    "surpassed_score": [
      171000,
      1697.7097505669008
    ],
    "time_running_out": [
      174000,
      2037.5510204081593
    ]
  }
}