{
  "urls": [
    "../assets/audio/audiosprite.mp3",
    "../assets/audio/audiosprite.ogg"
  ],
  "sprite": {
    "Rising Combo Hit 01": [
      0,
      1488.9795918367347
    ],
    "Rising Combo Hit 02": [
      3000,
      1567.3469387755104
    ],
    "Rising Combo Hit 03": [
      6000,
      1541.224489795918
    ],
    "Rising Combo Hit 04": [
      9000,
      1515.102040816327
    ],
    "Rising Combo Hit 05": [
      12000,
      1515.102040816327
    ],
    "Rising Combo Hit 06": [
      15000,
      1462.8571428571427
    ],
    "Rising Combo Hit 07": [
      18000,
      1515.102040816327
    ],
    "Rising Combo Hit 08": [
      21000,
      1593.4693877551033
    ],
    "Rising Combo Hit Bonus": [
      24000,
      2037.551020408163
    ],
    "btn_click": [
      28000,
      653.0612244897966
    ],
    "candy_settles": [
      30000,
      312.0181405895686
    ],
    "color_bomb_zap": [
      32000,
      600.8163265306123
    ],
    "duel_loser": [
      34000,
      11389.387755102043
    ],
    "duel_winner": [
      47000,
      9665.306122448981
    ],
    "gameover": [
      58000,
      3552.018140589567
    ],
    "gameover_loop": [
      63000,
      11702.857142857141
    ],
    "match_simple": [
      76000,
      239.99999999999488
    ],
    "new_candy_enters": [
      78000,
      168.00453514738933
    ],
    "new_cell_added": [
      80000,
      384.01360544217766
    ],
    "new_level": [
      82000,
      1680.0000000000068
    ],
    "soundtrack": [
      85000,
      36048.00453514738
    ],
    "special_candy_created": [
      123000,
      1175.9863945578245
    ],
    "special_candy_transformation": [
      126000,
      1055.98639455782
    ],
    "stripped_popped": [
      129000,
      653.0612244897895
    ],
    "surpassed_score": [
      131000,
      1697.7097505669008
    ],
    "swipe_candies": [
      134000,
      417.9591836734744
    ],
    "swoosh": [
      136000,
      408.0045351473984
    ],
    "vs_appears": [
      138000,
      992.6530612245017
    ],
    "wrapped_explosion": [
      140000,
      2064.01360544217
    ]
  }
}