{
  "urls": [
    "../assets/audio/audiosprite.mp3",
    "../assets/audio/audiosprite.ogg"
  ],
  "sprite": {
    "big_pill_fx": [
      0,
      862.0408163265306
    ],
    "btn_click": [
      2000,
      992.6530612244898
    ],
    "eaten_ghast": [
      4000,
      1071.0204081632658
    ],
    "game_over_loop": [
      7000,
      7680
    ],
    "gameover_outro": [
      16000,
      5808.004535147394
    ],
    "ghast_reappears": [
      23000,
      835.9183673469381
    ],
    "go": [
      25000,
      504.0136054421751
    ],
    "loop_beast": [
      27000,
      11064.013605442178
    ],
    "loop_normal": [
      40000,
      7104.013605442176
    ],
    "loop_tension_menus": [
      49000,
      9534.69387755102
    ],
    "rat_appears_fx": [
      60000,
      864.0136054421746
    ],
    "reverts_to_normal": [
      62000,
      768.0045351473907
    ],
    "splash_intro": [
      64000,
      18573.061224489793
    ],
    "teleport": [
      84000,
      1358.3673469387777
    ],
    "transformation": [
      87000,
      1280.0000000000011
    ]
  }
}